ip.src_1,ip.src_2,ip.src_3,ip.src_4,ip.src_5,ip.src_6,ip.dst_1,ip.dst_2,ip.dst_3,ip.dst_4,ip.dst_5,ip.dst_6,ip.dst_7
False,False,False,False,True,False,True,False,False,False,False,False,False
False,False,False,False,True,False,True,False,False,False,False,False,False
False,True,False,False,False,False,False,False,False,False,False,False,False
False,False,False,False,True,False,True,False,False,False,False,False,False
True,False,False,False,False,False,False,False,False,False,True,False,False
False,False,False,False,False,False,False,False,False,False,False,False,True
True,False,False,False,False,False,False,False,False,False,True,False,False
False,False,False,False,False,False,False,False,False,False,False,True,False
True,False,False,False,False,False,False,False,False,False,True,False,False
False,False,False,False,False,False,False,False,False,False,True,False,False
False,False,True,False,False,False,False,False,False,False,False,False,False
False,False,False,True,False,False,False,False,False,False,False,False,False
False,False,False,False,True,False,True,False,False,False,False,False,False
False,False,False,False,False,True,False,False,False,False,False,False,False
False,False,False,False,False,False,False,False,False,True,False,False,False
False,False,False,False,True,False,True,False,False,False,False,False,False
False,False,False,False,True,False,True,False,False,False,False,False,False
False,False,False,True,False,False,False,False,False,False,False,False,False
False,False,False,False,True,False,True,False,False,False,False,False,False
True,False,False,False,False,False,False,False,False,False,True,False,False
False,False,False,False,False,False,False,True,False,False,False,False,False
True,False,False,False,False,False,False,False,False,False,True,False,False
True,False,False,False,False,False,False,False,False,False,True,False,False
False,False,False,True,False,False,False,False,False,False,False,False,False
False,False,False,True,False,False,False,False,False,False,False,False,False
False,False,False,False,False,True,False,False,False,False,False,False,False
False,False,False,False,True,False,True,False,False,False,False,False,False
True,False,False,False,False,False,False,False,False,False,True,False,False
False,False,False,False,True,False,True,False,False,False,False,False,False
True,False,False,False,False,False,False,False,False,False,True,False,False
False,False,False,False,False,True,False,False,False,False,False,False,False
False,False,False,False,False,False,True,False,False,False,False,False,False
False,False,False,False,False,False,False,False,False,False,False,True,False
False,False,False,False,False,False,False,False,False,True,False,False,False
True,False,False,False,False,False,False,False,False,False,True,False,False
False,False,False,False,False,False,False,False,False,False,True,False,False
True,False,False,False,False,False,False,False,False,False,True,False,False
False,False,False,False,False,False,False,False,False,False,False,False,True
False,False,False,False,False,True,False,False,False,False,False,False,False
True,False,False,False,False,False,False,False,False,False,True,False,False
False,False,True,False,False,False,False,False,False,False,False,False,False
False,False,False,False,True,False,True,False,False,False,False,False,False
False,False,False,False,True,False,True,False,False,False,False,False,False
True,False,False,False,False,False,False,False,False,False,True,False,False
True,False,False,False,False,False,False,False,False,False,True,False,False
False,False,False,False,False,False,False,False,False,False,True,False,False
False,True,False,False,False,False,False,False,False,False,False,False,False
True,False,False,False,False,False,False,False,False,False,True,False,False
False,False,False,False,False,False,False,False,True,False,False,False,False
True,False,False,False,False,False,False,False,False,False,False,False,False
False,True,False,False,False,False,False,False,False,False,False,False,False
False,False,False,False,False,False,False,False,False,False,True,False,False
False,False,False,False,False,False,False,False,False,False,False,True,False
False,False,False,False,True,False,True,False,False,False,False,False,False
False,False,False,False,True,False,True,False,False,False,False,False,False
True,False,False,False,False,False,False,False,False,False,False,False,False
True,False,False,False,False,False,False,False,False,False,True,False,False
False,False,False,False,False,False,False,True,False,False,False,False,False
True,False,False,False,False,False,False,False,False,False,True,False,False
True,False,False,False,False,False,False,False,False,False,True,False,False
False,False,False,False,False,False,False,False,False,False,True,False,False
True,False,False,False,False,False,False,False,False,False,True,False,False
False,False,False,False,True,False,True,False,False,False,False,False,False
False,False,False,False,False,False,False,True,False,False,False,False,False
True,False,False,False,False,False,False,False,False,False,True,False,False
True,False,False,False,False,False,False,False,False,False,True,False,False
False,False,False,True,False,False,False,False,False,False,False,False,False
False,False,False,True,False,False,False,False,False,False,False,False,False
False,False,False,False,True,False,False,False,False,False,False,False,False
True,False,False,False,False,False,False,False,False,False,True,False,False
True,False,False,False,False,False,False,False,False,False,True,False,False
False,False,False,False,False,False,False,False,False,False,False,True,False
False,False,False,False,True,False,True,False,False,False,False,False,False
False,False,False,False,True,False,False,False,False,False,False,False,False
False,False,False,False,False,False,False,False,False,True,False,False,False
False,True,False,False,False,False,False,False,False,False,False,False,False
True,False,False,False,False,False,False,False,False,False,True,False,False
False,False,False,False,True,False,True,False,False,False,False,False,False
False,False,False,True,False,False,False,False,False,False,False,False,False
False,False,True,False,False,False,False,False,False,False,False,False,False
True,False,False,False,False,False,False,False,False,False,True,False,False
False,True,False,False,False,False,False,False,False,False,False,False,False
False,False,False,True,False,False,False,False,False,False,False,False,False
True,False,False,False,False,False,False,False,False,False,True,False,False
False,False,False,False,False,False,True,False,False,False,False,False,False
False,False,False,False,False,False,False,False,False,False,False,True,False
True,False,False,False,False,False,False,False,False,False,True,False,False
False,False,False,False,False,False,True,False,False,False,False,False,False
False,False,False,False,True,False,True,False,False,False,False,False,False
False,False,False,False,True,False,True,False,False,False,False,False,False
True,False,False,False,False,False,False,False,False,False,False,False,False
False,False,False,False,True,False,True,False,False,False,False,False,False
False,False,False,False,False,False,False,False,False,False,False,True,False
False,False,False,False,False,True,False,False,False,False,False,False,False
False,False,False,True,False,False,False,False,False,False,False,False,False
False,False,False,False,False,False,False,False,False,False,True,False,False
False,False,False,False,False,False,False,False,False,True,False,False,False
True,False,False,False,False,False,False,False,False,False,True,False,False
True,False,False,False,False,False,False,False,False,False,True,False,False
False,False,False,False,True,False,False,False,False,False,False,False,False
True,False,False,False,False,False,False,False,False,False,False,False,False
False,False,False,True,False,False,False,False,False,False,False,False,False
False,False,False,False,False,False,False,False,False,True,False,False,False
True,False,False,False,False,False,False,False,False,False,True,False,False
True,False,False,False,False,False,False,False,False,False,True,False,False
False,False,False,False,False,True,False,False,False,False,False,False,False
False,False,False,True,False,False,False,False,False,False,False,False,False
False,False,False,False,False,True,False,False,False,False,False,False,False
False,False,False,False,False,True,False,False,False,False,False,False,False
False,False,False,False,False,False,False,False,False,True,False,False,False
True,False,False,False,False,False,False,False,False,False,True,False,False
False,False,False,False,False,False,False,False,False,False,False,True,False
False,False,False,True,False,False,False,False,False,False,False,False,False
True,False,False,False,False,False,False,False,False,False,True,False,False
False,False,False,False,True,False,True,False,False,False,False,False,False
False,False,False,False,False,False,False,True,False,False,False,False,False
False,False,False,False,True,False,True,False,False,False,False,False,False
False,False,False,False,True,False,True,False,False,False,False,False,False
False,False,False,False,True,False,True,False,False,False,False,False,False
False,False,False,False,False,False,False,False,False,True,False,False,False
True,False,False,False,False,False,False,False,False,False,True,False,False
False,False,True,False,False,False,False,False,False,False,False,False,False
False,False,False,False,True,False,True,False,False,False,False,False,False
False,False,False,False,False,False,False,False,False,True,False,False,False
True,False,False,False,False,False,False,False,False,False,True,False,False
False,False,False,False,True,False,True,False,False,False,False,False,False
False,False,False,False,True,False,True,False,False,False,False,False,False
True,False,False,False,False,False,False,False,False,False,True,False,False
False,False,False,False,True,False,True,False,False,False,False,False,False
False,False,False,False,True,False,True,False,False,False,False,False,False
True,False,False,False,False,False,False,False,False,False,True,False,False
False,False,False,False,True,False,True,False,False,False,False,False,False
True,False,False,False,False,False,False,False,False,False,True,False,False
True,False,False,False,False,False,False,False,False,False,True,False,False
True,False,False,False,False,False,False,False,False,False,True,False,False
False,False,False,False,False,False,True,False,False,False,False,False,False
False,False,False,False,False,False,False,False,False,True,False,False,False
True,False,False,False,False,False,False,False,False,False,True,False,False
False,False,False,False,False,False,True,False,False,False,False,False,False
True,False,False,False,False,False,False,False,False,False,True,False,False
False,False,False,False,True,False,True,False,False,False,False,False,False
False,False,False,False,False,False,False,False,False,False,False,True,False
False,False,False,False,False,False,False,False,False,False,True,False,False
True,False,False,False,False,False,False,False,False,False,True,False,False
False,False,False,True,False,False,False,False,False,False,False,False,False
True,False,False,False,False,False,False,False,False,False,False,False,False
True,False,False,False,False,False,False,False,False,False,True,False,False
True,False,False,False,False,False,False,False,False,False,True,False,False
False,False,False,False,False,False,False,True,False,False,False,False,False
False,False,False,True,False,False,False,False,False,False,False,False,False
False,False,False,False,True,False,True,False,False,False,False,False,False
True,False,False,False,False,False,False,False,False,False,True,False,False
False,False,True,False,False,False,False,False,False,False,False,False,False
False,False,False,False,False,False,False,False,False,False,True,False,False
False,True,False,False,False,False,False,False,False,False,False,False,False
True,False,False,False,False,False,False,False,False,False,True,False,False
False,False,True,False,False,False,False,False,False,False,False,False,False
True,False,False,False,False,False,False,False,False,False,True,False,False
False,False,False,False,False,False,True,False,False,False,False,False,False
False,False,False,False,False,False,False,False,False,False,False,True,False
False,False,False,False,False,True,False,False,False,False,False,False,False
False,False,False,False,False,False,False,False,True,False,False,False,False
False,False,True,False,False,False,False,False,False,False,False,False,False
False,False,False,False,False,True,False,False,False,False,False,False,False
False,False,False,False,True,False,True,False,False,False,False,False,False
True,False,False,False,False,False,False,False,False,False,True,False,False
False,False,False,False,False,False,True,False,False,False,False,False,False
False,True,False,False,False,False,False,False,False,False,False,False,False
False,False,False,False,False,True,False,False,False,False,False,False,False
False,True,False,False,False,False,False,False,False,False,False,False,False
False,False,False,False,False,True,False,False,False,False,False,False,False
True,False,False,False,False,False,False,False,False,False,True,False,False
True,False,False,False,False,False,False,False,False,False,True,False,False
False,False,False,True,False,False,False,False,False,False,False,False,False
True,False,False,False,False,False,False,False,False,False,True,False,False
False,False,False,False,True,False,True,False,False,False,False,False,False
False,False,False,False,False,False,False,True,False,False,False,False,False
False,False,False,False,False,False,False,False,False,True,False,False,False
True,False,False,False,False,False,False,False,False,False,True,False,False
False,False,False,False,False,False,False,False,False,True,False,False,False
False,False,False,False,False,False,True,False,False,False,False,False,False
True,False,False,False,False,False,False,False,False,False,True,False,False
False,False,False,False,False,False,False,False,False,True,False,False,False
False,False,False,False,False,False,False,False,False,False,False,True,False
False,False,False,False,False,True,False,False,False,False,False,False,False
False,False,False,False,False,False,False,False,False,False,False,True,False
False,False,False,False,False,False,False,False,True,False,False,False,False
True,False,False,False,False,False,False,False,False,False,True,False,False
False,False,False,False,False,False,True,False,False,False,False,False,False
False,False,True,False,False,False,False,False,False,False,False,False,False
False,False,False,False,False,False,False,False,True,False,False,False,False
False,False,False,False,True,False,True,False,False,False,False,False,False
False,False,False,False,False,False,False,False,False,False,True,False,False
True,False,False,False,False,False,False,False,False,False,True,False,False
False,False,False,False,True,False,True,False,False,False,False,False,False
False,True,False,False,False,False,False,False,False,False,False,False,False
False,False,False,False,False,False,False,True,False,False,False,False,False
False,False,False,False,False,True,False,False,False,False,False,False,False
True,False,False,False,False,False,False,False,False,False,True,False,False
False,False,False,False,False,False,False,False,True,False,False,False,False
False,False,False,True,False,False,False,False,False,False,False,False,False
False,False,False,True,False,False,False,False,False,False,False,False,False
False,False,False,False,True,False,True,False,False,False,False,False,False
False,True,False,False,False,False,False,False,False,False,False,False,False
True,False,False,False,False,False,False,False,False,False,False,False,False
False,False,False,False,False,False,False,False,False,True,False,False,False
False,False,False,False,True,False,True,False,False,False,False,False,False
False,False,False,True,False,False,False,False,False,False,False,False,False
False,False,False,False,False,False,False,False,False,True,False,False,False
False,False,False,False,True,False,True,False,False,False,False,False,False
True,False,False,False,False,False,False,False,False,False,True,False,False
False,False,False,False,True,False,True,False,False,False,False,False,False
False,False,False,False,False,True,False,False,False,False,False,False,False
False,False,False,False,False,False,False,False,False,True,False,False,False
False,True,False,False,False,False,False,False,False,False,False,False,False
True,False,False,False,False,False,False,False,False,False,True,False,False
False,False,False,False,True,False,True,False,False,False,False,False,False
False,False,False,False,False,False,False,False,False,True,False,False,False
False,False,False,False,False,False,False,False,False,False,True,False,False
False,False,False,False,False,False,False,False,False,True,False,False,False
False,False,False,True,False,False,False,False,False,False,False,False,False
False,False,False,False,True,False,True,False,False,False,False,False,False
False,False,False,False,False,False,False,False,False,True,False,False,False
False,False,False,False,True,False,True,False,False,False,False,False,False
False,False,False,False,True,False,True,False,False,False,False,False,False
False,False,False,False,True,False,False,False,False,False,False,False,False
True,False,False,False,False,False,False,False,False,False,True,False,False
False,False,False,False,False,False,False,False,False,False,False,True,False
False,False,False,True,False,False,False,False,False,False,False,False,False
True,False,False,False,False,False,False,False,False,False,True,False,False
False,False,False,True,False,False,False,False,False,False,False,False,False
False,False,False,False,False,False,False,True,False,False,False,False,False
True,False,False,False,False,False,False,False,False,False,False,False,False
False,False,True,False,False,False,False,False,False,False,False,False,False
True,False,False,False,False,False,False,False,False,False,True,False,False
True,False,False,False,False,False,False,False,False,False,False,False,False
True,False,False,False,False,False,False,False,False,False,True,False,False
False,True,False,False,False,False,False,False,False,False,False,False,False
False,False,False,False,False,False,False,False,True,False,False,False,False
False,False,False,False,False,False,False,False,False,False,False,True,False
False,False,False,False,False,False,False,False,False,False,True,False,False
True,False,False,False,False,False,False,False,False,False,True,False,False
False,False,False,False,False,False,False,False,True,False,False,False,False
False,False,False,False,False,False,False,False,False,False,False,True,False
False,False,False,False,False,False,False,False,True,False,False,False,False
False,False,False,False,False,False,False,False,True,False,False,False,False
False,False,False,False,False,False,False,True,False,False,False,False,False
False,False,False,False,True,False,True,False,False,False,False,False,False
False,False,True,False,False,False,False,False,False,False,False,False,False
False,False,False,False,False,False,False,True,False,False,False,False,False
True,False,False,False,False,False,False,False,False,False,True,False,False
False,False,False,False,False,False,False,False,False,True,False,False,False
False,False,False,False,False,False,True,False,False,False,False,False,False
False,False,True,False,False,False,False,False,False,False,False,False,False
True,False,False,False,False,False,False,False,False,False,True,False,False
False,False,False,False,False,False,False,False,False,False,True,False,False
False,False,False,False,False,False,False,False,False,False,True,False,False
False,False,False,False,True,False,True,False,False,False,False,False,False
False,False,False,False,False,True,False,False,False,False,False,False,False
False,False,False,False,True,False,True,False,False,False,False,False,False
False,False,False,False,False,False,False,True,False,False,False,False,False
False,False,False,False,False,False,True,False,False,False,False,False,False
False,False,False,False,False,False,False,False,False,False,True,False,False
False,False,False,False,False,False,False,False,False,False,True,False,False
True,False,False,False,False,False,False,False,False,False,False,False,False
False,False,True,False,False,False,False,False,False,False,False,False,False
False,False,False,False,True,False,True,False,False,False,False,False,False
False,False,False,False,True,False,True,False,False,False,False,False,False
False,False,False,False,False,False,False,False,False,False,False,True,False
False,True,False,False,False,False,False,False,False,False,False,False,False
False,False,False,False,True,False,True,False,False,False,False,False,False
False,False,False,True,False,False,False,False,False,False,False,False,False
False,False,False,False,True,False,True,False,False,False,False,False,False
True,False,False,False,False,False,False,False,False,False,True,False,False
True,False,False,False,False,False,False,False,False,False,True,False,False
False,False,False,False,False,False,False,True,False,False,False,False,False
True,False,False,False,False,False,False,False,False,False,True,False,False
False,False,False,False,True,False,True,False,False,False,False,False,False
True,False,False,False,False,False,False,False,False,False,True,False,False
False,False,False,False,False,False,False,False,False,False,False,True,False
False,False,True,False,False,False,False,False,False,False,False,False,False
True,False,False,False,False,False,False,False,False,False,True,False,False
False,False,False,True,False,False,False,False,False,False,False,False,False
False,False,False,False,False,False,False,False,False,True,False,False,False
False,False,False,False,False,False,False,False,False,False,False,True,False
False,False,False,False,False,False,False,False,False,False,True,False,False
True,False,False,False,False,False,False,False,False,False,True,False,False
False,False,False,False,False,False,False,False,False,True,False,False,False
False,False,False,False,False,False,False,False,False,False,True,False,False
False,False,False,False,False,False,False,False,False,True,False,False,False
False,False,False,False,False,True,False,False,False,False,False,False,False
False,False,False,False,True,False,True,False,False,False,False,False,False
False,False,False,False,False,False,False,False,False,False,False,True,False
False,False,False,False,False,False,False,False,False,False,False,False,True
False,False,False,False,True,False,True,False,False,False,False,False,False
False,False,False,False,False,False,False,False,False,True,False,False,False
True,False,False,False,False,False,False,False,False,False,True,False,False
True,False,False,False,False,False,False,False,False,False,True,False,False
False,False,False,False,False,False,False,False,False,True,False,False,False
True,False,False,False,False,False,False,False,False,False,True,False,False
True,False,False,False,False,False,False,False,False,False,True,False,False
False,False,False,False,False,False,False,True,False,False,False,False,False
False,False,False,False,True,False,True,False,False,False,False,False,False
False,False,False,False,False,True,False,False,False,False,False,False,False
False,False,False,False,False,False,False,True,False,False,False,False,False
False,False,False,False,True,False,False,False,False,False,False,False,False
False,False,False,False,False,False,False,False,False,True,False,False,False
False,False,False,False,False,False,False,True,False,False,False,False,False
True,False,False,False,False,False,False,False,False,False,True,False,False
True,False,False,False,False,False,False,False,False,False,True,False,False
False,False,False,False,False,False,False,False,False,True,False,False,False
False,False,False,False,True,False,True,False,False,False,False,False,False
True,False,False,False,False,False,False,False,False,False,True,False,False
False,False,False,False,False,False,False,False,False,True,False,False,False
True,False,False,False,False,False,False,False,False,False,False,False,False
True,False,False,False,False,False,False,False,False,False,True,False,False
False,False,False,False,False,False,False,False,False,False,False,True,False
False,False,False,False,True,False,False,False,False,False,False,False,False
False,False,False,False,False,False,False,False,True,False,False,False,False
False,False,False,False,True,False,True,False,False,False,False,False,False
False,False,False,False,False,False,False,False,False,False,True,False,False
False,False,False,True,False,False,False,False,False,False,False,False,False
False,False,False,False,True,False,False,False,False,False,False,False,False
False,True,False,False,False,False,False,False,False,False,False,False,False
True,False,False,False,False,False,False,False,False,False,True,False,False
False,False,False,False,False,False,True,False,False,False,False,False,False
False,False,False,False,True,False,True,False,False,False,False,False,False
True,False,False,False,False,False,False,False,False,False,True,False,False
False,False,False,True,False,False,False,False,False,False,False,False,False
True,False,False,False,False,False,False,False,False,False,True,False,False
False,False,False,False,False,False,False,False,True,False,False,False,False
False,False,False,False,False,False,True,False,False,False,False,False,False
False,False,True,False,False,False,False,False,False,False,False,False,False
True,False,False,False,False,False,False,False,False,False,True,False,False
True,False,False,False,False,False,False,False,False,False,True,False,False
True,False,False,False,False,False,False,False,False,False,True,False,False
True,False,False,False,False,False,False,False,False,False,True,False,False
False,False,False,False,False,False,False,False,False,False,False,True,False
False,False,False,False,True,False,True,False,False,False,False,False,False
False,False,False,False,False,False,False,True,False,False,False,False,False
False,False,False,False,True,False,True,False,False,False,False,False,False
True,False,False,False,False,False,False,False,False,False,True,False,False
False,False,False,False,False,False,False,False,False,False,True,False,False
False,False,False,False,False,False,False,True,False,False,False,False,False
True,False,False,False,False,False,False,False,False,False,True,False,False
True,False,False,False,False,False,False,False,False,False,True,False,False
True,False,False,False,False,False,False,False,False,False,False,False,False
True,False,False,False,False,False,False,False,False,False,True,False,False
False,False,False,True,False,False,False,False,False,False,False,False,False
False,False,False,False,False,False,False,False,False,False,True,False,False
False,False,False,True,False,False,False,False,False,False,False,False,False
True,False,False,False,False,False,False,False,False,False,False,False,False
True,False,False,False,False,False,False,False,False,False,True,False,False
False,False,False,True,False,False,False,False,False,False,False,False,False
False,False,False,False,False,True,False,False,False,False,False,False,False
False,False,False,False,False,False,False,False,False,False,True,False,False
False,False,False,False,False,False,False,False,True,False,False,False,False
False,False,False,False,False,False,False,False,False,True,False,False,False
True,False,False,False,False,False,False,False,False,False,True,False,False
True,False,False,False,False,False,False,False,False,False,True,False,False
False,False,False,False,False,False,False,False,False,False,True,False,False
True,False,False,False,False,False,False,False,False,False,True,False,False
False,False,False,False,False,False,False,True,False,False,False,False,False
False,False,False,True,False,False,False,False,False,False,False,False,False
False,False,False,False,False,False,False,False,False,True,False,False,False
False,False,False,False,True,False,False,False,False,False,False,False,False
False,False,False,False,False,False,True,False,False,False,False,False,False
False,False,False,True,False,False,False,False,False,False,False,False,False
False,False,False,False,False,False,True,False,False,False,False,False,False
False,False,False,True,False,False,False,False,False,False,False,False,False
False,False,False,False,False,False,False,False,False,False,False,True,False
True,False,False,False,False,False,False,False,False,False,True,False,False
True,False,False,False,False,False,False,False,False,False,True,False,False
False,False,False,False,True,False,False,False,False,False,False,False,False
False,False,False,False,False,False,True,False,False,False,False,False,False
False,False,False,False,False,False,False,False,False,False,True,False,False
False,False,False,True,False,False,False,False,False,False,False,False,False
True,False,False,False,False,False,False,False,False,False,False,False,False
False,False,False,False,False,False,False,False,False,True,False,False,False
False,False,False,False,False,False,False,False,False,False,False,True,False
False,False,False,False,True,False,False,False,False,False,False,False,False
True,False,False,False,False,False,False,False,False,False,True,False,False
False,True,False,False,False,False,False,False,False,False,False,False,False
False,False,False,False,False,False,False,False,False,True,False,False,False
False,True,False,False,False,False,False,False,False,False,False,False,False
False,False,False,False,False,False,False,False,True,False,False,False,False
False,False,False,False,False,False,False,False,False,False,False,True,False
False,False,True,False,False,False,False,False,False,False,False,False,False
False,False,False,False,True,False,True,False,False,False,False,False,False
True,False,False,False,False,False,False,False,False,False,True,False,False
False,False,False,False,False,False,False,False,False,True,False,False,False
True,False,False,False,False,False,False,False,False,False,True,False,False
True,False,False,False,False,False,False,False,False,False,True,False,False
False,False,False,False,True,False,False,False,False,False,False,False,False
False,False,False,False,False,False,False,False,True,False,False,False,False
False,False,False,False,False,False,False,False,False,False,True,False,False
False,False,False,False,True,False,True,False,False,False,False,False,False
True,False,False,False,False,False,False,False,False,False,True,False,False
False,True,False,False,False,False,False,False,False,False,False,False,False
True,False,False,False,False,False,False,False,False,False,True,False,False
False,False,False,True,False,False,False,False,False,False,False,False,False
False,False,False,True,False,False,False,False,False,False,False,False,False
False,False,False,True,False,False,False,False,False,False,False,False,False
False,False,False,False,False,False,False,False,False,False,True,False,False
False,False,False,False,False,False,False,False,False,True,False,False,False
True,False,False,False,False,False,False,False,False,False,True,False,False
True,False,False,False,False,False,False,False,False,False,True,False,False
False,False,False,False,False,False,True,False,False,False,False,False,False
False,False,False,False,True,False,True,False,False,False,False,False,False
False,False,False,False,False,False,True,False,False,False,False,False,False
False,False,False,False,False,False,False,True,False,False,False,False,False
False,False,False,False,False,False,False,False,False,False,False,True,False
True,False,False,False,False,False,False,False,False,False,True,False,False
False,False,False,False,False,False,False,False,False,True,False,False,False
True,False,False,False,False,False,False,False,False,False,False,False,False
False,False,False,False,False,False,False,False,False,False,False,False,True
False,False,False,True,False,False,False,False,False,False,False,False,False
False,False,False,False,False,True,False,False,False,False,False,False,False
False,False,False,False,False,False,False,False,False,False,True,False,False
False,False,True,False,False,False,False,False,False,False,False,False,False
False,False,False,False,False,False,False,False,True,False,False,False,False
False,False,False,False,False,False,False,False,True,False,False,False,False
False,False,False,False,True,False,True,False,False,False,False,False,False
False,True,False,False,False,False,False,False,False,False,False,False,False
False,False,False,False,False,False,False,True,False,False,False,False,False
False,False,False,False,False,True,False,False,False,False,False,False,False
False,False,False,False,False,False,False,False,False,True,False,False,False
False,False,False,False,False,False,False,True,False,False,False,False,False
True,False,False,False,False,False,False,False,False,False,True,False,False
True,False,False,False,False,False,False,False,False,False,True,False,False
True,False,False,False,False,False,False,False,False,False,True,False,False
False,False,False,True,False,False,False,False,False,False,False,False,False
False,False,False,False,False,False,False,False,False,False,True,False,False
False,False,False,False,False,True,False,False,False,False,False,False,False
True,False,False,False,False,False,False,False,False,False,False,False,False
True,False,False,False,False,False,False,False,False,False,True,False,False
True,False,False,False,False,False,False,False,False,False,True,False,False
True,False,False,False,False,False,False,False,False,False,True,False,False
False,False,True,False,False,False,False,False,False,False,False,False,False
False,True,False,False,False,False,False,False,False,False,False,False,False
False,False,False,False,False,False,False,False,False,False,False,True,False
True,False,False,False,False,False,False,False,False,False,True,False,False
False,True,False,False,False,False,False,False,False,False,False,False,False
True,False,False,False,False,False,False,False,False,False,False,False,False
False,False,False,False,True,False,False,False,False,False,False,False,False
False,False,False,True,False,False,False,False,False,False,False,False,False
False,False,False,False,False,False,True,False,False,False,False,False,False
False,False,False,True,False,False,False,False,False,False,False,False,False
False,False,True,False,False,False,False,False,False,False,False,False,False
False,False,False,False,True,False,False,False,False,False,False,False,False
True,False,False,False,False,False,False,False,False,False,False,False,False
False,False,False,False,False,False,False,False,False,True,False,False,False
False,False,False,True,False,False,False,False,False,False,False,False,False
False,False,False,False,True,False,True,False,False,False,False,False,False
False,False,False,False,True,False,True,False,False,False,False,False,False
False,False,False,False,False,False,False,False,False,True,False,False,False
False,False,False,True,False,False,False,False,False,False,False,False,False
False,False,False,True,False,False,False,False,False,False,False,False,False
True,False,False,False,False,False,False,False,False,False,True,False,False
False,False,False,False,True,False,True,False,False,False,False,False,False
True,False,False,False,False,False,False,False,False,False,True,False,False
False,False,False,False,False,False,True,False,False,False,False,False,False
False,False,False,False,False,False,False,False,False,False,True,False,False
True,False,False,False,False,False,False,False,False,False,True,False,False
False,False,False,False,False,False,True,False,False,False,False,False,False
False,False,False,False,False,True,False,False,False,False,False,False,False
False,False,False,False,False,False,False,False,False,True,False,False,False
False,False,False,False,False,False,False,False,True,False,False,False,False
False,True,False,False,False,False,False,False,False,False,False,False,False
True,False,False,False,False,False,False,False,False,False,True,False,False
True,False,False,False,False,False,False,False,False,False,True,False,False
False,False,False,False,False,False,False,False,False,True,False,False,False
False,False,False,False,False,False,False,False,False,True,False,False,False
False,False,False,False,True,False,True,False,False,False,False,False,False
False,False,False,True,False,False,False,False,False,False,False,False,False
False,False,False,False,True,False,True,False,False,False,False,False,False
False,False,False,True,False,False,False,False,False,False,False,False,False
False,False,False,False,False,False,False,False,False,True,False,False,False
False,True,False,False,False,False,False,False,False,False,False,False,False
False,False,False,False,True,False,False,False,False,False,False,False,False
True,False,False,False,False,False,False,False,False,False,True,False,False
True,False,False,False,False,False,False,False,False,False,True,False,False
False,False,False,False,True,False,True,False,False,False,False,False,False
False,False,False,False,False,False,False,False,True,False,False,False,False
False,True,False,False,False,False,False,False,False,False,False,False,False
False,False,True,False,False,False,False,False,False,False,False,False,False
True,False,False,False,False,False,False,False,False,False,True,False,False
False,False,False,False,False,False,False,True,False,False,False,False,False
False,False,False,False,False,False,False,False,False,False,True,False,False
True,False,False,False,False,False,False,False,False,False,True,False,False
False,False,False,False,True,False,True,False,False,False,False,False,False
False,False,True,False,False,False,False,False,False,False,False,False,False
False,True,False,False,False,False,False,False,False,False,False,False,False
False,False,False,False,True,False,False,False,False,False,False,False,False
True,False,False,False,False,False,False,False,False,False,True,False,False
False,False,False,False,False,False,False,False,False,True,False,False,False
False,False,False,False,False,False,False,False,False,False,True,False,False
False,False,False,False,True,False,False,False,False,False,False,False,False
False,True,False,False,False,False,False,False,False,False,False,False,False
False,False,False,False,False,False,False,False,False,True,False,False,False
True,False,False,False,False,False,False,False,False,False,False,False,False
False,False,False,False,True,False,False,False,False,False,False,False,False
True,False,False,False,False,False,False,False,False,False,True,False,False
True,False,False,False,False,False,False,False,False,False,True,False,False
False,False,False,False,True,False,True,False,False,False,False,False,False
False,False,False,False,True,False,True,False,False,False,False,False,False
False,False,False,False,False,False,False,False,False,True,False,False,False
False,False,False,True,False,False,False,False,False,False,False,False,False
True,False,False,False,False,False,False,False,False,False,True,False,False
True,False,False,False,False,False,False,False,False,False,True,False,False
False,False,False,False,False,False,False,False,True,False,False,False,False
False,False,False,True,False,False,False,False,False,False,False,False,False
True,False,False,False,False,False,False,False,False,False,True,False,False
False,False,False,True,False,False,False,False,False,False,False,False,False
True,False,False,False,False,False,False,False,False,False,True,False,False
False,False,False,False,False,False,False,False,False,False,False,True,False
False,True,False,False,False,False,False,False,False,False,False,False,False
False,False,False,False,False,False,True,False,False,False,False,False,False
False,False,False,False,False,False,False,False,True,False,False,False,False
True,False,False,False,False,False,False,False,False,False,True,False,False
False,False,False,False,False,False,False,False,False,False,False,True,False
False,False,False,False,True,False,False,False,False,False,False,False,False
False,False,False,False,False,False,False,False,False,True,False,False,False
False,False,False,False,False,False,False,False,False,False,True,False,False
False,False,False,False,True,False,True,False,False,False,False,False,False
False,False,False,True,False,False,False,False,False,False,False,False,False
True,False,False,False,False,False,False,False,False,False,True,False,False
False,False,False,True,False,False,False,False,False,False,False,False,False
False,False,False,False,False,False,False,False,False,True,False,False,False
True,False,False,False,False,False,False,False,False,False,False,False,False
True,False,False,False,False,False,False,False,False,False,False,False,False
True,False,False,False,False,False,False,False,False,False,True,False,False
True,False,False,False,False,False,False,False,False,False,True,False,False
True,False,False,False,False,False,False,False,False,False,True,False,False
False,False,False,True,False,False,False,False,False,False,False,False,False
False,False,False,False,False,False,False,True,False,False,False,False,False
True,False,False,False,False,False,False,False,False,False,True,False,False
False,False,False,False,False,False,False,False,False,False,True,False,False
True,False,False,False,False,False,False,False,False,False,True,False,False
False,False,False,False,True,False,True,False,False,False,False,False,False
False,False,False,False,True,False,True,False,False,False,False,False,False
True,False,False,False,False,False,False,False,False,False,True,False,False
False,False,False,True,False,False,False,False,False,False,False,False,False
False,False,False,False,False,False,False,True,False,False,False,False,False
False,False,False,False,False,False,False,True,False,False,False,False,False
False,False,False,False,True,False,True,False,False,False,False,False,False
False,False,False,True,False,False,False,False,False,False,False,False,False
False,False,False,True,False,False,False,False,False,False,False,False,False
False,False,False,False,True,False,False,False,False,False,False,False,False
False,False,False,False,False,False,False,False,False,True,False,False,False
False,False,False,False,False,False,False,False,False,True,False,False,False
True,False,False,False,False,False,False,False,False,False,True,False,False
False,False,False,False,False,False,False,False,False,True,False,False,False
False,False,True,False,False,False,False,False,False,False,False,False,False
False,False,False,False,False,False,False,False,False,False,True,False,False
True,False,False,False,False,False,False,False,False,False,False,False,False
False,False,False,True,False,False,False,False,False,False,False,False,False
True,False,False,False,False,False,False,False,False,False,True,False,False
True,False,False,False,False,False,False,False,False,False,True,False,False
False,False,False,False,False,False,False,False,False,True,False,False,False
False,False,False,True,False,False,False,False,False,False,False,False,False
False,False,False,False,True,False,True,False,False,False,False,False,False
False,False,False,False,True,False,True,False,False,False,False,False,False
False,False,False,True,False,False,False,False,False,False,False,False,False
False,False,False,False,False,False,True,False,False,False,False,False,False
True,False,False,False,False,False,False,False,False,False,True,False,False
True,False,False,False,False,False,False,False,False,False,True,False,False
False,False,False,False,False,False,False,False,False,False,True,False,False
True,False,False,False,False,False,False,False,False,False,True,False,False
True,False,False,False,False,False,False,False,False,False,True,False,False
False,True,False,False,False,False,False,False,False,False,False,False,False
True,False,False,False,False,False,False,False,False,False,True,False,False
True,False,False,False,False,False,False,False,False,False,True,False,False
False,False,False,False,False,False,False,False,False,False,True,False,False
True,False,False,False,False,False,False,False,False,False,True,False,False
False,False,False,False,True,False,True,False,False,False,False,False,False
False,False,True,False,False,False,False,False,False,False,False,False,False
False,False,False,False,False,False,False,False,False,False,True,False,False
True,False,False,False,False,False,False,False,False,False,True,False,False
False,False,False,False,False,False,True,False,False,False,False,False,False
True,False,False,False,False,False,False,False,False,False,True,False,False
False,False,False,False,False,False,False,False,False,False,True,False,False
False,False,False,False,False,False,False,False,True,False,False,False,False
False,False,True,False,False,False,False,False,False,False,False,False,False
False,False,False,False,True,False,True,False,False,False,False,False,False
False,False,False,False,True,False,True,False,False,False,False,False,False
True,False,False,False,False,False,False,False,False,False,True,False,False
False,False,False,False,True,False,False,False,False,False,False,False,False
True,False,False,False,False,False,False,False,False,False,True,False,False
False,False,False,True,False,False,False,False,False,False,False,False,False
False,False,False,False,False,False,False,False,False,True,False,False,False
False,False,False,False,False,True,False,False,False,False,False,False,False
False,False,False,False,True,False,True,False,False,False,False,False,False
False,False,False,False,False,False,False,False,False,False,True,False,False
False,False,False,False,False,False,False,False,False,False,False,True,False
False,False,False,False,False,False,False,True,False,False,False,False,False
False,False,False,False,True,False,True,False,False,False,False,False,False
False,False,False,False,False,True,False,False,False,False,False,False,False
False,False,False,False,False,False,False,False,False,False,False,True,False
False,False,True,False,False,False,False,False,False,False,False,False,False
True,False,False,False,False,False,False,False,False,False,True,False,False
True,False,False,False,False,False,False,False,False,False,True,False,False
False,False,False,True,False,False,False,False,False,False,False,False,False
True,False,False,False,False,False,False,False,False,False,True,False,False
False,False,False,False,False,False,False,True,False,False,False,False,False
True,False,False,False,False,False,False,False,False,False,True,False,False
False,False,False,False,False,False,False,False,False,True,False,False,False
False,False,False,False,True,False,True,False,False,False,False,False,False
False,False,True,False,False,False,False,False,False,False,False,False,False
False,False,False,False,True,False,True,False,False,False,False,False,False
False,False,False,False,False,False,False,False,True,False,False,False,False
False,False,False,False,False,False,False,False,False,False,True,False,False
False,False,False,False,False,False,False,False,True,False,False,False,False
False,False,False,False,False,False,False,True,False,False,False,False,False
False,False,False,False,False,False,False,True,False,False,False,False,False
False,False,False,False,True,False,True,False,False,False,False,False,False
False,True,False,False,False,False,False,False,False,False,False,False,False
True,False,False,False,False,False,False,False,False,False,False,False,False
False,False,False,False,True,False,True,False,False,False,False,False,False
False,False,False,False,False,False,True,False,False,False,False,False,False
False,False,False,False,False,True,False,False,False,False,False,False,False
False,False,False,False,True,False,True,False,False,False,False,False,False
False,False,False,False,True,False,False,False,False,False,False,False,False
True,False,False,False,False,False,False,False,False,False,True,False,False
False,False,False,False,True,False,True,False,False,False,False,False,False
False,False,False,True,False,False,False,False,False,False,False,False,False
True,False,False,False,False,False,False,False,False,False,True,False,False
True,False,False,False,False,False,False,False,False,False,True,False,False
False,False,False,False,False,False,True,False,False,False,False,False,False
False,False,False,False,False,False,False,False,False,False,False,True,False
False,False,False,False,True,False,True,False,False,False,False,False,False
False,False,False,False,False,False,True,False,False,False,False,False,False
False,False,False,False,False,False,True,False,False,False,False,False,False
True,False,False,False,False,False,False,False,False,False,True,False,False
True,False,False,False,False,False,False,False,False,False,True,False,False
False,True,False,False,False,False,False,False,False,False,False,False,False
True,False,False,False,False,False,False,False,False,False,True,False,False
False,False,False,True,False,False,False,False,False,False,False,False,False
False,False,False,False,False,False,False,False,True,False,False,False,False
True,False,False,False,False,False,False,False,False,False,True,False,False
False,False,False,False,False,False,False,False,False,True,False,False,False
False,False,False,False,True,False,False,False,False,False,False,False,False
True,False,False,False,False,False,False,False,False,False,True,False,False
False,False,False,False,False,False,True,False,False,False,False,False,False
True,False,False,False,False,False,False,False,False,False,True,False,False
False,False,False,False,True,False,True,False,False,False,False,False,False
False,False,False,True,False,False,False,False,False,False,False,False,False
True,False,False,False,False,False,False,False,False,False,True,False,False
False,False,False,False,True,False,False,False,False,False,False,False,False
False,False,False,False,False,True,False,False,False,False,False,False,False
False,False,False,False,False,False,False,False,False,True,False,False,False
False,False,False,False,False,False,True,False,False,False,False,False,False
True,False,False,False,False,False,False,False,False,False,True,False,False
True,False,False,False,False,False,False,False,False,False,True,False,False
False,False,False,False,True,False,True,False,False,False,False,False,False
False,False,False,False,False,False,True,False,False,False,False,False,False
False,False,False,False,False,False,True,False,False,False,False,False,False
True,False,False,False,False,False,False,False,False,False,True,False,False
False,False,False,False,False,True,False,False,False,False,False,False,False
True,False,False,False,False,False,False,False,False,False,True,False,False
False,False,False,False,False,False,False,False,True,False,False,False,False
False,False,False,False,False,False,False,False,False,False,False,True,False
True,False,False,False,False,False,False,False,False,False,False,False,False
False,False,True,False,False,False,False,False,False,False,False,False,False
False,False,False,False,False,False,False,False,False,True,False,False,False
False,False,False,False,False,False,False,False,False,False,True,False,False
True,False,False,False,False,False,False,False,False,False,False,False,False
False,False,False,False,False,True,False,False,False,False,False,False,False
False,False,False,False,True,False,False,False,False,False,False,False,False
False,False,False,False,False,False,False,False,False,True,False,False,False
True,False,False,False,False,False,False,False,False,False,True,False,False
False,False,False,False,True,False,False,False,False,False,False,False,False
False,True,False,False,False,False,False,False,False,False,False,False,False
False,False,False,False,False,False,False,False,False,False,False,True,False
True,False,False,False,False,False,False,False,False,False,True,False,False
True,False,False,False,False,False,False,False,False,False,True,False,False
False,False,False,False,False,False,False,False,False,True,False,False,False
False,False,False,False,True,False,True,False,False,False,False,False,False
False,False,False,False,False,False,True,False,False,False,False,False,False
False,False,False,False,False,False,False,False,False,True,False,False,False
False,False,False,False,False,False,True,False,False,False,False,False,False
False,False,True,False,False,False,False,False,False,False,False,False,False
False,False,False,True,False,False,False,False,False,False,False,False,False
True,False,False,False,False,False,False,False,False,False,True,False,False
True,False,False,False,False,False,False,False,False,False,True,False,False
True,False,False,False,False,False,False,False,False,False,True,False,False
True,False,False,False,False,False,False,False,False,False,True,False,False
True,False,False,False,False,False,False,False,False,False,True,False,False
False,False,False,False,False,False,False,True,False,False,False,False,False
True,False,False,False,False,False,False,False,False,False,True,False,False
False,False,False,False,False,False,False,False,False,True,False,False,False
False,False,False,False,False,False,False,False,False,True,False,False,False
False,False,False,False,False,False,False,False,True,False,False,False,False
True,False,False,False,False,False,False,False,False,False,True,False,False
False,False,False,False,True,False,True,False,False,False,False,False,False
False,False,False,False,False,False,True,False,False,False,False,False,False
True,False,False,False,False,False,False,False,False,False,True,False,False
True,False,False,False,False,False,False,False,False,False,True,False,False
False,False,False,False,False,False,False,False,False,False,False,True,False
True,False,False,False,False,False,False,False,False,False,True,False,False
False,False,False,False,False,False,False,True,False,False,False,False,False
False,False,False,False,False,False,False,False,False,False,True,False,False
False,False,False,False,True,False,True,False,False,False,False,False,False
False,False,False,False,False,False,False,True,False,False,False,False,False
False,False,False,False,False,False,True,False,False,False,False,False,False
False,True,False,False,False,False,False,False,False,False,False,False,False
False,True,False,False,False,False,False,False,False,False,False,False,False
True,False,False,False,False,False,False,False,False,False,True,False,False
False,False,False,False,True,False,False,False,False,False,False,False,False
False,False,True,False,False,False,False,False,False,False,False,False,False
False,False,False,True,False,False,False,False,False,False,False,False,False
False,False,True,False,False,False,False,False,False,False,False,False,False
False,False,False,False,True,False,True,False,False,False,False,False,False
True,False,False,False,False,False,False,False,False,False,True,False,False
False,False,True,False,False,False,False,False,False,False,False,False,False
True,False,False,False,False,False,False,False,False,False,True,False,False
False,False,False,False,False,False,True,False,False,False,False,False,False
False,True,False,False,False,False,False,False,False,False,False,False,False
True,False,False,False,False,False,False,False,False,False,True,False,False
True,False,False,False,False,False,False,False,False,False,True,False,False
True,False,False,False,False,False,False,False,False,False,True,False,False
False,False,True,False,False,False,False,False,False,False,False,False,False
True,False,False,False,False,False,False,False,False,False,True,False,False
True,False,False,False,False,False,False,False,False,False,True,False,False
True,False,False,False,False,False,False,False,False,False,True,False,False
False,False,False,False,False,False,False,False,False,True,False,False,False
False,False,False,False,False,False,False,False,False,True,False,False,False
True,False,False,False,False,False,False,False,False,False,True,False,False
False,False,False,False,False,False,False,False,False,False,True,False,False
False,False,False,False,False,False,False,True,False,False,False,False,False
False,False,False,False,False,False,False,False,False,False,False,True,False
False,False,False,False,True,False,True,False,False,False,False,False,False
False,False,False,False,False,False,False,False,False,True,False,False,False
True,False,False,False,False,False,False,False,False,False,True,False,False
False,False,False,False,False,False,False,False,False,False,False,True,False
False,False,False,False,False,False,False,False,False,False,True,False,False
True,False,False,False,False,False,False,False,False,False,True,False,False
True,False,False,False,False,False,False,False,False,False,True,False,False
False,False,False,False,False,False,False,False,False,True,False,False,False
False,False,False,False,False,False,False,False,False,False,True,False,False
False,False,False,True,False,False,False,False,False,False,False,False,False
True,False,False,False,False,False,False,False,False,False,True,False,False
True,False,False,False,False,False,False,False,False,False,True,False,False
True,False,False,False,False,False,False,False,False,False,True,False,False
True,False,False,False,False,False,False,False,False,False,True,False,False
True,False,False,False,False,False,False,False,False,False,True,False,False
True,False,False,False,False,False,False,False,False,False,True,False,False
False,False,False,False,True,False,True,False,False,False,False,False,False
False,False,False,False,True,False,True,False,False,False,False,False,False
False,False,False,False,False,True,False,False,False,False,False,False,False
True,False,False,False,False,False,False,False,False,False,True,False,False
True,False,False,False,False,False,False,False,False,False,True,False,False
True,False,False,False,False,False,False,False,False,False,True,False,False
False,False,False,False,False,True,False,False,False,False,False,False,False
False,False,False,False,False,True,False,False,False,False,False,False,False
False,False,False,False,False,False,False,False,False,True,False,False,False
False,False,True,False,False,False,False,False,False,False,False,False,False
False,False,False,False,False,False,False,False,False,True,False,False,False
True,False,False,False,False,False,False,False,False,False,True,False,False
False,False,False,False,False,False,False,False,False,True,False,False,False
True,False,False,False,False,False,False,False,False,False,True,False,False
False,False,False,False,False,False,False,False,False,True,False,False,False
False,False,False,False,False,False,False,False,False,True,False,False,False
False,False,False,True,False,False,False,False,False,False,False,False,False
False,False,False,False,False,False,False,False,False,False,True,False,False
False,False,False,False,False,False,False,False,False,True,False,False,False
False,False,False,False,False,True,False,False,False,False,False,False,False
True,False,False,False,False,False,False,False,False,False,True,False,False
False,False,False,False,False,False,False,True,False,False,False,False,False
False,False,False,False,True,False,True,False,False,False,False,False,False
True,False,False,False,False,False,False,False,False,False,True,False,False
False,False,False,False,False,False,False,False,False,True,False,False,False
False,False,False,False,False,False,False,False,False,True,False,False,False
False,False,False,False,False,False,False,True,False,False,False,False,False
False,False,False,True,False,False,False,False,False,False,False,False,False
True,False,False,False,False,False,False,False,False,False,True,False,False
False,False,False,False,True,False,False,False,False,False,False,False,False
True,False,False,False,False,False,False,False,False,False,True,False,False
True,False,False,False,False,False,False,False,False,False,True,False,False
True,False,False,False,False,False,False,False,False,False,True,False,False
False,False,False,False,False,False,False,False,False,True,False,False,False
False,False,False,False,False,False,False,True,False,False,False,False,False
False,False,False,True,False,False,False,False,False,False,False,False,False
